{
	"pages": [ 
		{
			"path": "pages/login/login",
			"style": {
				"navigationBarTitleText": "登录界面",
				"navigationBarBackgroundColor":"#1296db",
				"navigationBarTextStyle":"white"
				
			}
		},
		{
			"path" : "pages/find-pwd/find-pwd",
			"style" : {
				"navigationBarTitleText":"找回密码"
			}
		}
		,{
			"path" : "pages/reg/reg",
			"style" : {
				"navigationBarTitleText": "注册"
			}
		}
		,{
			"path" : "pages/reg-pwd/reg-pwd",
			"style" : {
				"navigationBarTitleText": "注册"
			}
		},
		{
			"path": "pages/index/index",
			"style": {
				"navigationBarTitleText": "主菜单",
				"navigationBarBackgroundColor":"#1296db",
				"navigationBarTextStyle":"white"
			}
		},

		{
			"path" : "pages/wkiwi-user/wkiwi-user",
			"style" : {
				"navigationBarTitleText":"个人中心",
				"navigationBarBackgroundColor":"#1296db",
				"navigationBarTextStyle":"white"
			}
		},
		{
			"path": "pages/user/userMessage/index",
			"style": {
				"navigationBarTitleText": "个人中心",
				"navigationBarBackgroundColor":"#1296db",
				"navigationBarTextStyle":"white"
			}
		},
		{
			"path": "pages/uni-tabs/index",
			"style": {}
		},
		{
			"path": "pages/knowledgeBase/index",
			"style": {}
		},
		{
			"path": "pages/doctor-list/index", 
			"style": {
				"navigationBarTitleText": "医生列表",
				"navigationBarBackgroundColor":"#1296db",
				"navigationBarTextStyle":"white"
			}
		},
		{
			"path": "pages/doctor-list/info", 
			"style": {
				"navigationBarTitleText": "医生信息",
				"navigationBarBackgroundColor":"#1296db",
				"navigationBarTextStyle":"white"
			}
		},
		{
			"path": "pages/hospital-list/index",
			"style": {
				"navigationBarTitleText": "医院列表",
				"navigationBarBackgroundColor":"#1296db",
				"navigationBarTextStyle":"white"
			}
		},
		{
			"path": "pages/hospital-list/info", 
			"style": {
				"navigationBarTitleText": "医院信息",
				"navigationBarBackgroundColor":"#1296db",
				"navigationBarTextStyle":"white"
			}
		},
		{
			"path": "pages/uni-tabs/details", 
			"style": {
				"navigationBarTitleText": "资讯信息",
				"navigationBarBackgroundColor":"#1296db",
				"navigationBarTextStyle":"white"
			}},		
			{
				"path": "pages/answer-list/index", 
				"style": {
					"navigationBarTitleText": "疑问解答",
					"navigationBarBackgroundColor":"#1296db",
					"navigationBarTextStyle":"white"
				}		
		},			{
			"path": "pages/answer-list/questions", 
			"style": {
				"navigationBarTitleText": "提问",
				"navigationBarBackgroundColor":"#1296db",
				"navigationBarTextStyle":"white"
			}		
	},
	{
		"path": "pages/answer-list/indexhui", 
		"style": {
			"navigationBarTitleText": "回答",
			"navigationBarBackgroundColor":"#1296db",
			"navigationBarTextStyle":"white"
		}			
},{
	"path": "pages/knowledgeBase/details", 
	"style": {
		"navigationBarTitleText": "知识库",
		"navigationBarBackgroundColor":"#1296db",
		"navigationBarTextStyle":"white"
	}			
}


	],
	"style":{
		"app-plus":{
			"animationType": "fade-in",
			"animationDuration": 300
		}
	},
	"globalStyle": {
		"navigationBarTextStyle": "black",
		"navigationBarTitleText": "医院平台",
		"navigationBarBackgroundColor": "#F8F8F8",
		"backgroundColor": "#F8F8F8"
	},
	"tabBar": {
		"color": "#7A7E83",
        "selectedColor": "#007AFF",
        "borderStyle": "black",
        "backgroundColor": "#F8F8F8",
        "list": [{
                "pagePath": "pages/index/index",
                "iconPath": "static/home.png",
                "selectedIconPath": "static/homeselect.png",
                "text": "首页"
			},{
                "pagePath": "pages/uni-tabs/index",
                "iconPath": "static/location.png",
                "selectedIconPath": "static/location.png",
                "text": "资讯"
			}
			,{
                "pagePath": "pages/knowledgeBase/index",
                "iconPath": "static/icon-search.png",
                "selectedIconPath": "static/icon-search.png",
                "text": "疾病知识库"
			}
			,{
                "pagePath": "pages/wkiwi-user/wkiwi-user",
                "iconPath": "static/user.png",
                "selectedIconPath": "static/userselect.png",
                "text": "我的"
			}
		]
	}
}
